{"<Units.Cavalry object at 0x00000200AC4BEE60>": {"coords": [616, 614], "health": 300}, "<Units.Cannon object at 0x00000200AC5A0F40>": {"coords": [534, 368], "health": 350}, "<Units.Cavalry object at 0x00000200AC5A0CA0>": {"coords": [534, 696], "health": 300}, "<Units.Warrior object at 0x00000200AC5A1F90>": {"coords": [206, 122], "health": 500}, "<Units.Cannon object at 0x00000200AC5A2020>": {"coords": [534, 532], "health": 350}, "<Units.Cannon object at 0x00000200AC5A1750>": {"coords": [288, 696], "health": 350}, "<Units.Warrior object at 0x00000200AC5A20B0>": {"coords": [206, 368], "health": 500}, "<Units.Magician object at 0x00000200AC5A2050>": {"coords": [452, 450], "health": 400}, "<Units.Cannon object at 0x00000200AC5E5C00>": {"coords": [534, 450], "health": 350}, "<Units.Magician object at 0x00000200AC5E55A0>": {"coords": [124, 450], "h`ealth": 400}}