{"<Units.Warrior object at 0x00000200AC5A2170>": {"coords": [862, 614], "health": 500}, "<Units.Cavalry object at 0x00000200AC5A2200>": {"coords": [698, 204], "health": 300}, "<Units.Magician object at 0x00000200AC5A2290>": {"coords": [944, 696], "health": 400}, "<Units.Cannon object at 0x00000200AC5A2350>": {"coords": [944, 368], "health": 350}, "<Units.Cavalry object at 0x00000200AC5A2410>": {"coords": [944, 204], "health": 300}, "<Units.Cannon object at 0x00000200AC5A2140>": {"coords": [780, 204], "health": 350}, "<Units.Cannon object at 0x00000200AC5A24D0>": {"coords": [944, 532], "health": 350}, "<Units.Cannon object at 0x00000200AC5A21D0>": {"coords": [862, 450], "health": 50}, "<Units.Magician object at 0x00000200AC5E4730>": {"coords": [944, 450], "health": 400}}